1,0.298457339,0.275335981,0.037273107,0.029362461,0.036004829,0.040262826,0.164558405,0.182549627,0.169646798,0.045728322,0.043015936,0.200505403,0.168310698,0.024042238,0.165829318,0.069516526,0.250491808,0.10947008,0.028424689,0.033877011,0.0375136,0.059270981,0.026405237,0.041541642,0.328674458,0.08798069,0.043230346,0.041674252,0.028738123,0.031710665,0.027000225,0.223913987,0.067335301,0.124332867,0.049267555,0.093823642,0.098771574,0.026360871,0.086381511,0.097626875,0.059651366,0.083566108,0.067262491,0.032800086,0.08108082,0.436274494,0.025979937,0.034333753,0.037377308,0.032043459,0.043670233,0.045108162,0.060492775,0.029999307,0.027730791,0.092714917,0.119147071,0.429813641,0.0496224,0.499742812,0.031926038,0.167550678,0.11907898,0.031904977,0.043672732,0.051961055,0.03677806,0.068112929,0.054777715,0.082278625,0.037043832,0.029962295,0.268201616,0.076729909,0.050262569,0.032047,0.043377368
0.298457339,1,0.175827417,0.035055799,0.027930499,0.033679268,0.035476905,0.106990258,0.117803841,0.11524354,0.039669066,0.037600816,0.145370573,0.209526251,0.025979742,0.14207346,0.087051389,0.140158594,0.090833687,0.031230942,0.037355598,0.042702466,0.052505873,0.028889169,0.047535085,0.259295644,0.093981119,0.037814676,0.036666763,0.02684283,0.030195473,0.025500649,0.142745159,0.055206715,0.08784579,0.058817385,0.126361429,0.077466014,0.024723281,0.067441602,0.133296963,0.049719097,0.111071538,0.085825983,0.03671883,0.104605998,0.177254227,0.024770057,0.03188904,0.034273261,0.035893088,0.039269956,0.052869263,0.055613685,0.027551655,0.025763658,0.072770749,0.086946472,0.19169878,0.042548585,0.265060503,0.029076039,0.251896385,0.085352872,0.035691998,0.038189068,0.044399988,0.032888242,0.063851227,0.053051924,0.064534693,0.042200295,0.028274246,0.229509329,0.066777442,0.057673731,0.035607336,0.049237699
0.275335981,0.175827417,1,0.033954528,0.027333603,0.03312856,0.041817213,0.200040243,0.290095975,0.309225832,0.047011611,0.045086303,0.737350428,0.105628122,0.024035129,0.105274141,0.058242754,0.351180459,0.083389428,0.026666704,0.030809904,0.034733385,0.052151571,0.026027536,0.037518533,0.149877499,0.066682077,0.046184118,0.041877504,0.027384383,0.029223914,0.025573865,0.668561599,0.066615429,0.125026055,0.047165117,0.073573737,0.084356155,0.025281657,0.100450381,0.097663626,0.063166299,0.08188746,0.064159592,0.030711749,0.081912818,0.27064165,0.024468153,0.032068644,0.034975144,0.030569518,0.040681732,0.041194292,0.051361493,0.029270151,0.026811453,0.120732667,0.15689926,0.565469599,0.051991075,0.510111551,0.031353676,0.171489465,0.1352382,0.030942421,0.047030862,0.052064122,0.036601294,0.055794824,0.046248689,0.089301119,0.034597547,0.02803603,0.474421587,0.063810235,0.043481973,0.029744664,0.038466185
0.037273107,0.035055799,0.033954528,1,0.137366258,0.408660412,0.037279623,0.038053314,0.035851889,0.034612792,0.041793403,0.036923823,0.032841446,0.040311461,0.015566578,0.046523875,0.03266173,0.036862241,0.05649642,0.021075203,0.026378771,0.023803652,0.095368566,0.016972885,0.026811861,0.040476946,0.047492638,0.033952336,0.046417668,0.080541844,0.208344034,0.083880411,0.034415917,0.049521628,0.042572344,0.02366491,0.035073872,0.055430052,0.064461304,0.037015719,0.02790754,0.040335861,0.027082758,0.02606128,0.022060053,0.0264807,0.038802943,0.083634703,0.159385111,0.130030682,0.020414506,0.105834493,0.025708218,0.094312812,0.054415239,0.059052633,0.033654865,0.035847493,0.036090869,0.039527605,0.034867508,0.051780136,0.030877896,0.039186063,0.019452211,0.033050464,0.048732633,0.048017818,0.074496807,0.082506754,0.040291803,0.022976041,0.134189231,0.032817548,0.072381955,0.032674316,0.02292762,0.029619324
0.029362461,0.027930499,0.027333603,0.137366258,1,0.153864667,0.032431771,0.030133689,0.028688499,0.027894169,0.035173356,0.031769212,0.026638705,0.031184236,0.014042251,0.034754399,0.026646093,0.029256747,0.040090599,0.018770059,0.022983222,0.020648293,0.057312092,0.015211282,0.022925332,0.031271245,0.035557394,0.029354494,0.039378522,0.102242719,0.310579655,0.150775275,0.027685808,0.038261458,0.033040107,0.020272638,0.028079964,0.040032884,0.084458479,0.029954933,0.023196053,0.032945173,0.022630198,0.021942342,0.019383078,0.022203981,0.030373014,0.206704341,0.132944683,0.093540382,0.018005276,0.070087334,0.021946767,0.055938701,0.054194354,0.066013627,0.027580904,0.028883647,0.028689025,0.033071013,0.027867696,0.048881072,0.025217789,0.031033515,0.017183997,0.028581481,0.039143734,0.042245361,0.048485278,0.052935924,0.032165291,0.019982482,0.320235095,0.026543496,0.047561275,0.027047591,0.020166152,0.025040745
0.036004829,0.033679268,0.03312856,0.408660412,0.153864667,1,0.039206121,0.03745606,0.035235173,0.034046966,0.043878878,0.038584972,0.032144436,0.038150608,0.015148914,0.044030262,0.030782437,0.036055801,0.053404434,0.020113684,0.024855478,0.022668716,0.090802561,0.016446669,0.025352914,0.038697342,0.043808577,0.035224462,0.049672063,0.099845115,0.197084002,0.100548001,0.033695786,0.050520824,0.042074112,0.022748192,0.033100124,0.054031515,0.075977441,0.03712739,0.026958634,0.041361947,0.026124313,0.025065376,0.021059011,0.025597538,0.037670435,0.093307899,0.260270447,0.176076477,0.019598988,0.1209053,0.024451157,0.082988117,0.062281706,0.069022848,0.033583654,0.035558114,0.035122641,0.041043814,0.033831946,0.058283199,0.02987132,0.038872802,0.018753331,0.034191119,0.051017454,0.052410459,0.066364746,0.070428032,0.040550289,0.021937499,0.175144227,0.03190488,0.067729193,0.030533584,0.0218082,0.027806801
0.040262826,0.035476905,0.041817213,0.037279623,0.032431771,0.039206121,1,0.052453365,0.048859458,0.047950666,0.284509299,0.518382544,0.042281691,0.034765035,0.01529599,0.039598148,0.026156488,0.046771553,0.04461977,0.016877631,0.019189507,0.01956675,0.049771976,0.016042899,0.020883974,0.038713946,0.032515204,0.233570347,0.183840915,0.041010975,0.03276723,0.034588466,0.044513142,0.09026056,0.059382517,0.022228762,0.02898089,0.055376994,0.038494829,0.071010981,0.029280305,0.123315443,0.027684682,0.025368528,0.018195022,0.027699317,0.044353072,0.030470227,0.042895292,0.049507029,0.01784772,0.057548546,0.021408803,0.040834486,0.059759536,0.046191249,0.059768826,0.05654538,0.04286692,0.212887842,0.039885358,0.073842591,0.033641954,0.060183037,0.017827577,0.185984603,0.134805691,0.124006186,0.037992572,0.033962982,0.078311018,0.019361804,0.035489567,0.038435368,0.04638605,0.02357329,0.018127411,0.021762648
0.164558405,0.106990258,0.200040243,0.038053314,0.030133689,0.03745606,0.052453365,1,0.54730025,0.36527145,0.061289093,0.057508306,0.193263493,0.087920354,0.021463867,0.10559802,0.049056742,0.431779536,0.09945133,0.024241479,0.028274842,0.03055173,0.06330115,0.023094777,0.033215821,0.123472843,0.063436961,0.058453359,0.052964824,0.031028692,0.032176801,0.028474231,0.268715093,0.099238527,0.311352905,0.038571944,0.060154873,0.121386116,0.028434716,0.181826357,0.065949867,0.091275133,0.058484042,0.049128262,0.02735292,0.058248435,0.252509459,0.026857223,0.036686365,0.040857931,0.026918381,0.049077286,0.035411649,0.058392798,0.034077945,0.030614176,0.190808335,0.378858453,0.234011313,0.069596037,0.166399017,0.03704951,0.093456646,0.408310155,0.026999882,0.059385987,0.070341224,0.044769431,0.061136921,0.049321791,0.158839811,0.030263872,0.031281247,0.141873154,0.077010534,0.038985069,0.026834771,0.034574963
0.182549627,0.117803841,0.290095975,0.035851889,0.028688499,0.035235173,0.048859458,0.54730025,1,1,0.056015196,0.053380059,0.294541027,0.08898688,0.02221407,0.10023498,0.050405531,0.644771081,0.089080197,0.024686373,0.028574285,0.031361999,0.057368875,0.0238846,0.033912204,0.124639812,0.062052891,0.054798232,0.048663307,0.029376074,0.030588872,0.027102711,0.495049881,0.084359534,0.198460994,0.040615236,0.061997428,0.101232235,0.027034741,0.152953035,0.073068516,0.080715554,0.063862929,0.052592696,0.028020244,0.063915129,0.260499642,0.025670838,0.034456531,0.038072972,0.027748604,0.04509623,0.036529193,0.054066269,0.03210316,0.02899346,0.18835692,0.329868583,0.305240916,0.06333423,0.206250035,0.034758282,0.107854593,0.248876937,0.027980061,0.055890146,0.062791917,0.041578138,0.057171611,0.046796935,0.128712078,0.031157099,0.029676065,0.180067679,0.069338908,0.039428698,0.027345926,0.035049125
0.169646798,0.11524354,0.309225832,0.034612792,0.027894169,0.034046966,0.047950666,0.36527145,1,1,0.054490609,0.052401027,0.356736379,0.084901449,0.022448465,0.092791358,0.049683058,0.440885574,0.082039483,0.024600558,0.028287535,0.031276024,0.054266946,0.024080595,0.033653775,0.115907311,0.059410583,0.054171071,0.047251682,0.028602675,0.029682154,0.02641778,0.57349488,0.079313307,0.168674245,0.040980654,0.060750133,0.091976426,0.026390274,0.146967219,0.074896416,0.077940869,0.065148459,0.053253362,0.027967201,0.065527753,0.219907089,0.025039706,0.033348537,0.036748401,0.027819561,0.043264359,0.036418941,0.05132547,0.031314651,0.028296646,0.196598358,0.313465539,0.279018747,0.061710398,0.20290278,0.033887435,0.110901697,0.213601501,0.028159735,0.055408417,0.060280372,0.040470459,0.054230737,0.044831963,0.120750717,0.031134984,0.028838177,0.188564978,0.064861552,0.038800886,0.027217504,0.034621873
0.045728322,0.039669066,0.047011611,0.041793403,0.035173356,0.043878878,0.284509299,0.061289093,0.056015196,0.054490609,1,0.316300848,0.047277162,0.039210107,0.015906138,0.04565558,0.028605926,0.053720115,0.052787754,0.017875441,0.020542149,0.020882213,0.059969061,0.016779133,0.022438762,0.044142165,0.036631131,0.177439545,0.260242169,0.043819372,0.035905135,0.036849464,0.050323431,0.130657603,0.072329051,0.023735788,0.031991804,0.068468664,0.040351876,0.084938818,0.031767375,0.179051111,0.0299297,0.027313374,0.019327839,0.029872832,0.051076018,0.032468006,0.047759299,0.056369215,0.018877886,0.068764823,0.022975922,0.04756249,0.061834479,0.04808613,0.067875738,0.065517645,0.048727702,0.377419671,0.044899173,0.076282772,0.037015924,0.07203181,0.018795209,0.151979072,0.254573245,0.13333871,0.04383678,0.038509311,0.099160331,0.020623603,0.038552912,0.042820753,0.055417567,0.025631747,0.019286732,0.023499214
0.043015936,0.037600816,0.045086303,0.036923823,0.031769212,0.038584972,0.518382544,0.057508306,0.053380059,0.052401027,0.316300848,1,0.045722777,0.036522475,0.015731443,0.041700958,0.027141506,0.050754855,0.046824784,0.017276608,0.019635793,0.020138458,0.050749098,0.016502441,0.021489398,0.041020146,0.033730706,0.363670586,0.158474522,0.039229262,0.032288785,0.033419733,0.048266213,0.099737506,0.065301923,0.023089156,0.030213805,0.058869298,0.036694108,0.081378319,0.030852558,0.154203235,0.02907694,0.026507462,0.018688664,0.029117953,0.047701725,0.029672156,0.041725023,0.048097265,0.01836385,0.056548814,0.022107472,0.041708645,0.054895065,0.043387633,0.067299665,0.062886452,0.046165465,0.316188894,0.042739589,0.066454095,0.035709503,0.066902672,0.018374019,0.261577371,0.144075216,0.105789533,0.039046604,0.034620059,0.089978838,0.019941135,0.034573169,0.041174463,0.048048933,0.024271928,0.018584306,0.022367447
0.200505403,0.145370573,0.737350428,0.032841446,0.026638705,0.032144436,0.042281691,0.193263493,0.294541027,0.356736379,0.047277162,0.045722777,1,0.092510035,0.023955709,0.092506378,0.054603889,0.292847912,0.076157075,0.026004036,0.029747107,0.033668709,0.049754112,0.025798286,0.036086948,0.124593549,0.061152247,0.047206956,0.041797622,0.026892291,0.028384468,0.025069268,0.666873909,0.065604497,0.119823372,0.046009329,0.067607252,0.078938374,0.024887466,0.104345011,0.09422672,0.063965569,0.079217104,0.062087683,0.029901456,0.080083992,0.207089701,0.023943193,0.031267655,0.034105647,0.029937059,0.039571967,0.039698666,0.048552117,0.028970889,0.026461863,0.132632658,0.167523244,0.334489351,0.052614807,0.306757374,0.031095162,0.156654071,0.135145788,0.030463068,0.048232012,0.051769591,0.036440911,0.052224075,0.043702024,0.090290218,0.033624367,0.027366252,0.356034792,0.059804847,0.041292333,0.0288918,0.036811269
0.168310698,0.209526251,0.105628122,0.040311461,0.031184236,0.038150608,0.034765035,0.087920354,0.08898688,0.084901449,0.039210107,0.036522475,0.092510035,1,0.024731472,0.24782854,0.105623484,0.103199118,0.121012401,0.032785436,0.041597879,0.044652998,0.061911244,0.027849112,0.052184003,0.305344851,0.170337388,0.036095811,0.037111305,0.029011371,0.03420518,0.027791236,0.096085598,0.05571416,0.081718937,0.054444257,0.173702116,0.086605347,0.026502123,0.059928041,0.089553362,0.047642462,0.082488611,0.072642693,0.038105367,0.07688037,0.133731795,0.027208333,0.035358264,0.037832283,0.035910744,0.043392997,0.055298694,0.070364132,0.028897209,0.027332049,0.060746204,0.0717616,0.121086336,0.041290393,0.13212701,0.030253234,0.116363303,0.075028926,0.034680048,0.036193844,0.044842122,0.0336779,0.086744865,0.069577511,0.059935766,0.043316453,0.03132687,0.113832748,0.083690975,0.069967841,0.037834805,0.05673024
0.024042238,0.025979742,0.024035129,0.015566578,0.014042251,0.015148914,0.01529599,0.021463867,0.02221407,0.022448465,0.015906138,0.015731443,0.023955709,0.024731472,1,0.022523808,0.029682747,0.022559782,0.020544443,0.037326535,0.029258184,0.039894184,0.017679592,0.146041099,0.033623077,0.023817107,0.023150659,0.015966472,0.015285337,0.013365163,0.01468293,0.013167143,0.023257179,0.017740534,0.02025437,0.045207265,0.027919944,0.019476986,0.012803362,0.01949534,0.031764959,0.017428913,0.033735166,0.037181743,0.042040516,0.033971164,0.022848455,0.013150263,0.014600054,0.014963096,0.055188198,0.015754681,0.037990869,0.018503999,0.013377514,0.012986709,0.020489491,0.020965566,0.023531205,0.016461412,0.024528282,0.013720648,0.027814718,0.020408118,0.072456264,0.016120239,0.016474514,0.014547074,0.019627738,0.019109934,0.018944788,0.043453718,0.013957772,0.025289691,0.019097658,0.028197684,0.036249671,0.029735414
0.165829318,0.14207346,0.105274141,0.046523875,0.034754399,0.044030262,0.039598148,0.10559802,0.10023498,0.092791358,0.04565558,0.041700958,0.092506378,0.24782854,0.022523808,1,0.07598491,0.117523498,0.233558739,0.029367501,0.037046833,0.038206025,0.081298213,0.025040329,0.044110662,0.303283208,0.158072959,0.040732609,0.043261102,0.032650622,0.038344822,0.030920357,0.101086585,0.070081934,0.106884061,0.044704281,0.104114269,0.131388671,0.02952359,0.07035107,0.069529782,0.056382503,0.064002169,0.056769338,0.033327267,0.061103711,0.159753368,0.02997178,0.04073292,0.044320255,0.031430171,0.052411943,0.045560846,0.091381064,0.032710167,0.030670143,0.067998819,0.082618607,0.127560188,0.048020411,0.12452038,0.034450019,0.09131702,0.091822281,0.030423553,0.040676594,0.053941208,0.038826841,0.114258581,0.081749021,0.072733474,0.037084854,0.0352047,0.102957578,0.123097985,0.058018722,0.033386013,0.048241322
0.069516526,0.087051389,0.058242754,0.03266173,0.026646093,0.030782437,0.026156488,0.049056742,0.050405531,0.049683058,0.028605926,0.027141506,0.054603889,0.105623484,0.029682747,0.07598491,1,0.054416215,0.05911348,0.047526393,0.0653345,0.076819386,0.041777106,0.035314951,0.10260973,0.079815662,0.102621825,0.026947536,0.027566474,0.023979581,0.029055667,0.023568502,0.054096832,0.036533683,0.046215557,0.082451016,0.264747096,0.048172634,0.022220361,0.038685574,0.082599026,0.032855343,0.087474075,0.097546716,0.059364518,0.078812505,0.060866446,0.023605918,0.028390994,0.029468575,0.052595535,0.032195206,0.112309557,0.048234214,0.023205413,0.022466831,0.039772212,0.043902756,0.060306985,0.029688522,0.065538716,0.023903227,0.07634347,0.044356019,0.04795219,0.027033248,0.031560254,0.025732067,0.057000186,0.053647431,0.038373897,0.071893706,0.026278768,0.064044716,0.050213476,0.158421906,0.058881715,0.112704866
0.250491808,0.140158594,0.351180459,0.036862241,0.029256747,0.036055801,0.046771553,0.431779536,0.644771081,0.440885574,0.053720115,0.050754855,0.292847912,0.103199118,0.022559782,0.117523498,0.054416215,1,0.099196737,0.025556784,0.029855796,0.032731114,0.059764902,0.024395805,0.035643646,0.154506828,0.06852686,0.051597857,0.047374879,0.029598149,0.031329664,0.027416043,0.514252561,0.082099409,0.193970146,0.042354849,0.068265588,0.107951265,0.027177069,0.129750102,0.077679941,0.075348117,0.067582579,0.055434781,0.029096266,0.067145732,0.434422647,0.026059048,0.035003635,0.038597851,0.028680367,0.045737374,0.038388665,0.057248347,0.031930914,0.029005265,0.146760472,0.227078698,0.507756909,0.059935964,0.270638466,0.034423178,0.119002533,0.209875303,0.028799803,0.052405497,0.060929777,0.040792641,0.061432648,0.04970964,0.116125414,0.032449681,0.030172603,0.208346277,0.074161525,0.041944396,0.028434731,0.036993064
0.10947008,0.090833687,0.083389428,0.05649642,0.040090599,0.053404434,0.04461977,0.09945133,0.089080197,0.082039483,0.052787754,0.046824784,0.076157075,0.121012401,0.020544443,0.233558739,0.05911348,0.099196737,1,0.026704801,0.033588706,0.033449512,0.123953275,0.022643938,0.038317847,0.139795415,0.119556573,0.044781443,0.050882671,0.037918069,0.044642341,0.035451986,0.084168539,0.088126507,0.117347854,0.037552786,0.073667817,0.228861794,0.0337754,0.074236941,0.054105104,0.064376433,0.050452538,0.04567534,0.029683996,0.048766703,0.120331971,0.033977589,0.049101561,0.054642066,0.027927363,0.067570637,0.038750919,0.133718671,0.03789387,0.035297474,0.067183851,0.080488895,0.097813259,0.054717223,0.090727547,0.040062162,0.067787088,0.094921861,0.026999416,0.044371135,0.065359094,0.045439998,0.158690736,0.097805613,0.081199866,0.032445975,0.041018688,0.078059856,0.251913835,0.049526273,0.029996779,0.042089367
0.028424689,0.031230942,0.026666704,0.021075203,0.018770059,0.020113684,0.016877631,0.024241479,0.024686373,0.024600558,0.017875441,0.017276608,0.026004036,0.032785436,0.037326535,0.029367501,0.047526393,0.025556784,0.026704801,1,0.100723951,0.112792018,0.023029187,0.050083375,0.087859658,0.029801212,0.03410423,0.017202323,0.017523247,0.016770098,0.019974478,0.016883889,0.025686702,0.020695515,0.023436174,0.050771216,0.040318715,0.024068395,0.015909974,0.021391022,0.034144874,0.019426161,0.036333807,0.041535776,0.178082978,0.035178405,0.02678566,0.017254378,0.01883561,0.019025246,0.099734225,0.019837059,0.075138246,0.025373148,0.015953354,0.015800036,0.021865264,0.022979621,0.0268564,0.018274839,0.027993025,0.01617036,0.030902436,0.022991384,0.067096148,0.017245091,0.019022537,0.01682944,0.027557511,0.028015654,0.021242365,0.105286134,0.018287225,0.028052043,0.025113274,0.057089825,0.243333706,0.071408071
0.033877011,0.037355598,0.030809904,0.026378771,0.022983222,0.024855478,0.019189507,0.028274842,0.028574285,0.028287535,0.020542149,0.019635793,0.029747107,0.041597879,0.029258184,0.037046833,0.0653345,0.029855796,0.033588706,0.100723951,1,0.102673481,0.028712845,0.036463532,0.14171202,0.036633232,0.046705583,0.019402839,0.020266439,0.0199146,0.024808684,0.020171657,0.029635612,0.024368416,0.027638344,0.050031251,0.052933021,0.029344414,0.018728597,0.024554243,0.037938422,0.02235693,0.039921885,0.04481872,0.095873655,0.038162895,0.031828761,0.020769673,0.022871966,0.023024045,0.062265101,0.024031829,0.086024446,0.032718068,0.018566529,0.018481123,0.024811915,0.02641227,0.031468359,0.020927591,0.032754482,0.018769626,0.035403346,0.026761271,0.048354089,0.019400596,0.022186887,0.019471941,0.036264073,0.037789041,0.02461069,0.084942405,0.022206009,0.032343159,0.031680699,0.102294498,0.143994219,0.154612396
0.0375136,0.042702466,0.034733385,0.023803652,0.020648293,0.022668716,0.01956675,0.03055173,0.031361999,0.031276024,0.020882213,0.020138458,0.033668709,0.044652998,0.039894184,0.038206025,0.076819386,0.032731114,0.033449512,0.112792018,0.102673481,1,0.027340711,0.053918541,0.203738507,0.039554833,0.044989237,0.020101355,0.020289015,0.018603494,0.02211331,0.018542257,0.033066797,0.024787681,0.02910553,0.087966383,0.060102378,0.02960691,0.017532348,0.026158442,0.048962817,0.023148537,0.053543448,0.065448415,0.259538074,0.050998659,0.034643195,0.018784373,0.021187018,0.021616186,0.136637497,0.022890154,0.221453802,0.030345642,0.017903182,0.017556372,0.026984444,0.028644716,0.034931714,0.021502591,0.036951075,0.018271218,0.042483199,0.028542488,0.088525269,0.020182795,0.022381428,0.019278019,0.033617439,0.033426157,0.025837024,0.479105652,0.020231283,0.037184752,0.030582404,0.08727091,0.179859625,0.113371893
0.059270981,0.052505873,0.052151571,0.095368566,0.057312092,0.090802561,0.049771976,0.06330115,0.057368875,0.054266946,0.059969061,0.050749098,0.049754112,0.061911244,0.017679592,0.081298213,0.041777106,0.059764902,0.123953275,0.023029187,0.028712845,0.027340711,1,0.019290708,0.030920496,0.065793153,0.069689119,0.046382701,0.063423525,0.054554739,0.065430938,0.049526581,0.053554507,0.092499527,0.076801586,0.029021946,0.047626364,0.132260117,0.046330446,0.059476385,0.037684098,0.063622833,0.035857831,0.03345328,0.024847838,0.035004152,0.064319371,0.046086361,0.081209265,0.097272488,0.023286139,0.140311854,0.030498621,0.218166127,0.051804072,0.048524307,0.051696842,0.057353321,0.057248928,0.058192225,0.05376595,0.054164172,0.044064554,0.066336466,0.022436446,0.045170517,0.078300715,0.059099466,0.13774003,0.104886308,0.067758661,0.026501365,0.060513797,0.049076526,0.237894189,0.038598347,0.025408259,0.033977267
0.026405237,0.028889169,0.026027536,0.016972885,0.015211282,0.016446669,0.016042899,0.023094777,0.0238846,0.024080595,0.016779133,0.016502441,0.025798286,0.027849112,0.146041099,0.025040329,0.035314951,0.024395805,0.022643938,0.050083375,0.036463532,0.053918541,0.019290708,1,0.042840432,0.026429352,0.026306153,0.016686931,0.01616375,0.014302737,0.015977604,0.014135055,0.025076055,0.018968667,0.021808733,0.056638212,0.032405469,0.021187918,0.013658308,0.020690488,0.035480024,0.018436962,0.038150439,0.043457154,0.058808092,0.038056852,0.024921752,0.014168624,0.015751823,0.016121061,0.087658826,0.016985226,0.049218957,0.020415734,0.014184676,0.013807985,0.021678729,0.022362971,0.025591387,0.017346757,0.02679114,0.014528291,0.030665016,0.021859773,0.13196962,0.016827022,0.017508089,0.015380369,0.021823883,0.021335721,0.02016674,0.060444061,0.015068966,0.027536434,0.020975665,0.034048596,0.048155669,0.036675694
0.041541642,0.047535085,0.037518533,0.026811861,0.022925332,0.025352914,0.020883974,0.033215821,0.033912204,0.033653775,0.022438762,0.021489398,0.036086948,0.052184003,0.033623077,0.044110662,0.10260973,0.035643646,0.038317847,0.087859658,0.14171202,0.203738507,0.030920496,0.042840432,1,0.044902239,0.055306646,0.021346166,0.021883724,0.020336395,0.024748641,0.020322319,0.03567467,0.027071584,0.031874465,0.076644733,0.0739489,0.033143901,0.019067947,0.028103335,0.050972572,0.024905093,0.054995367,0.065343059,0.124303493,0.051813311,0.038229073,0.020655345,0.023467396,0.023918274,0.081831612,0.025376121,0.213629418,0.035052043,0.01936346,0.019034939,0.028758783,0.030808005,0.038146153,0.023056353,0.040326452,0.019736213,0.045570925,0.030972113,0.062730453,0.021396708,0.024278725,0.020792655,0.039455517,0.039603986,0.027932012,0.146929829,0.022376564,0.040105929,0.034957127,0.149407988,0.137298966,0.25444185
0.328674458,0.259295644,0.149877499,0.040476946,0.031271245,0.038697342,0.038713946,0.123472843,0.124639812,0.115907311,0.044142165,0.041020146,0.124593549,0.305344851,0.023817107,0.303283208,0.079815662,0.154506828,0.139795415,0.029801212,0.036633232,0.039554833,0.065793153,0.026429352,0.044902239,1,0.119917271,0.040682116,0.041063705,0.029902487,0.03409956,0.02828046,0.135319866,0.065645676,0.109727807,0.049548079,0.114209514,0.106657496,0.027285407,0.074443587,0.088204494,0.055753326,0.078475205,0.06625668,0.03432395,0.074765782,0.236951719,0.02737616,0.036350311,0.039426678,0.032913092,0.046074598,0.047890617,0.070420002,0.030514368,0.028470742,0.075731606,0.093758019,0.191338172,0.047113044,0.201268153,0.032256734,0.130103111,0.099168161,0.032264041,0.040871144,0.050917693,0.03664142,0.083025033,0.064705776,0.073905387,0.038707561,0.03173211,0.152913796,0.089939875,0.056944446,0.033887146,0.047912698
0.08798069,0.093981119,0.066682077,0.047492638,0.035557394,0.043808577,0.032515204,0.063436961,0.062052891,0.059410583,0.036631131,0.033730706,0.061152247,0.170337388,0.023150659,0.158072959,0.102621825,0.06852686,0.119556573,0.03410423,0.046705583,0.044989237,0.069689119,0.026306153,0.055306646,0.119917271,1,0.0328235,0.035766459,0.031291326,0.03984859,0.030515638,0.063653339,0.050819343,0.064113139,0.047148266,0.133394671,0.07875777,0.028361257,0.048746409,0.061085458,0.042317407,0.059123217,0.056633171,0.038587645,0.055641138,0.081354094,0.030367947,0.03923974,0.041304364,0.034888119,0.046581924,0.05409941,0.091005897,0.029733706,0.028710345,0.047608751,0.054339902,0.073778004,0.037688724,0.075732118,0.030685204,0.069523976,0.058112272,0.032693997,0.032696015,0.042262336,0.033187816,0.128063262,0.105744555,0.050227541,0.042736762,0.035150161,0.068617351,0.095006083,0.084024569,0.039647595,0.064615716
0.043230346,0.037814676,0.046184118,0.033952336,0.029354494,0.035224462,0.233570347,0.058453359,0.054798232,0.054171071,0.177439545,0.363670586,0.047206956,0.036095811,0.015966472,0.040732609,0.026947536,0.051597857,0.044781443,0.017202323,0.019402839,0.020101355,0.046382701,0.016686931,0.021346166,0.040682116,0.0328235,1,0.110534518,0.03542053,0.029888944,0.030632623,0.049597112,0.088815934,0.064624653,0.023334938,0.029997088,0.055564467,0.033331717,0.085387239,0.031451567,0.146285279,0.029584456,0.026856613,0.018660121,0.029713532,0.047868226,0.027482462,0.037633042,0.042779121,0.018434007,0.049688284,0.022084879,0.038974742,0.047788354,0.038786995,0.072265497,0.065439058,0.046839971,0.228490526,0.043391505,0.056348968,0.036398981,0.067869318,0.018529325,0.910081004,0.111038653,0.082113223,0.036981237,0.032804678,0.090442497,0.019949402,0.03168268,0.04210333,0.044968536,0.023939835,0.018487544,0.022109413
0.041674252,0.036666763,0.041877504,0.046417668,0.039378522,0.049672063,0.183840915,0.052964824,0.048663307,0.047251682,0.260242169,0.158474522,0.041797622,0.037111305,0.015285337,0.043261102,0.027566474,0.047374879,0.050882671,0.017523247,0.020266439,0.020289015,0.063423525,0.01616375,0.021883724,0.041063705,0.035766459,0.110534518,1,0.052122795,0.039811599,0.042344019,0.044330748,0.109146056,0.062272968,0.022586408,0.030601662,0.064378125,0.04757203,0.067034288,0.029460774,0.112522962,0.027920514,0.02573382,0.018824983,0.027788437,0.045984893,0.036446079,0.055949265,0.067712005,0.01827462,0.08257737,0.022209496,0.049211982,0.08108196,0.058942152,0.05545313,0.054895626,0.043618556,0.155078373,0.040554462,0.10759837,0.033932174,0.06049093,0.018096691,0.099102016,0.210488999,0.266273174,0.044350246,0.039536335,0.077304718,0.019987362,0.043962769,0.038601212,0.055607372,0.025102345,0.018882763,0.023037382
0.028738123,0.02684283,0.027384383,0.080541844,0.102242719,0.099845115,0.041010975,0.031028692,0.029376074,0.028602675,0.043819372,0.039229262,0.026892291,0.029011371,0.013365163,0.032650622,0.023979581,0.029598149,0.037918069,0.016770098,0.0199146,0.018603494,0.054554739,0.014302737,0.020336395,0.029902487,0.031291326,0.03542053,0.052122795,1,0.084450588,0.209862576,0.028020197,0.043132858,0.034437282,0.018974883,0.025587947,0.040405813,0.302880604,0.032463998,0.022343746,0.038043453,0.021656608,0.02073785,0.017477867,0.021362765,0.030174759,0.108665001,0.15242143,0.123784834,0.016525004,0.083750347,0.019864942,0.047686383,0.107702676,0.18612266,0.029430203,0.030335664,0.028608289,0.039788084,0.027525686,0.083937904,0.024545793,0.032640753,0.015991167,0.0341606,0.047592442,0.060811148,0.041377221,0.04172405,0.035181485,0.01813718,0.14821613,0.026288884,0.044390645,0.023530895,0.017944655,0.021838991
0.031710665,0.030195473,0.029223914,0.208344034,0.310579655,0.197084002,0.03276723,0.032176801,0.030588872,0.029682154,0.035905135,0.032288785,0.028384468,0.03420518,0.01468293,0.038344822,0.029055667,0.031329664,0.044642341,0.019974478,0.024808684,0.02211331,0.065430938,0.015977604,0.024748641,0.03409956,0.03984859,0.029888944,0.039811599,0.084450588,1,0.104952809,0.02954716,0.04042472,0.035364278,0.021609899,0.03068304,0.043782604,0.069673862,0.031527703,0.02478855,0.034244054,0.024181363,0.023458142,0.020672293,0.023676904,0.032751592,0.124716015,0.129977703,0.095886822,0.019105183,0.07493801,0.023592354,0.066065012,0.050707763,0.058599803,0.029016423,0.030600844,0.03079768,0.033969826,0.02993316,0.046891294,0.027018209,0.033006201,0.01817063,0.029138006,0.040529637,0.041933184,0.056405548,0.063372789,0.033910632,0.021347453,0.190694738,0.028409891,0.053881974,0.029618166,0.021565749,0.027235791
0.027000225,0.025500649,0.025573865,0.083880411,0.150775275,0.100548001,0.034588466,0.028474231,0.027102711,0.02641778,0.036849464,0.033419733,0.025069268,0.027791236,0.013167143,0.030920357,0.023568502,0.027416043,0.035451986,0.016883889,0.020171657,0.018542257,0.049526581,0.014135055,0.020322319,0.02828046,0.030515638,0.030632623,0.042344019,0.209862576,0.104952809,1,0.02603488,0.037477211,0.03125448,0.018560281,0.024914749,0.036699533,0.181106386,0.029179468,0.021419696,0.033118228,0.02084916,0.020112265,0.017471842,0.020535396,0.028106814,0.220914028,0.126208575,0.093587384,0.016419983,0.067477444,0.019684765,0.045597022,0.071327379,0.103121631,0.026759331,0.027681841,0.026695652,0.034088056,0.025836134,0.059964605,0.023318293,0.029632312,0.015807373,0.029705629,0.040002503,0.047461878,0.040002669,0.041602106,0.031352388,0.018036242,0.220014639,0.024714318,0.041239042,0.023519828,0.018036004,0.021910557
0.223913987,0.142745159,0.668561599,0.034415917,0.027685808,0.033695786,0.044513142,0.268715093,0.495049881,0.57349488,0.050323431,0.048266213,0.666873909,0.096085598,0.023257179,0.101086585,0.054096832,0.514252561,0.084168539,0.025686702,0.029635612,0.033066797,0.053554507,0.025076055,0.03567467,0.135319866,0.063653339,0.049597112,0.044330748,0.028020197,0.02954716,0.02603488,1,0.07247523,0.145720783,0.044068753,0.067321595,0.089225843,0.025851991,0.118024028,0.085515173,0.069449371,0.073110589,0.058571758,0.02939411,0.073322569,0.271024893,0.024802266,0.032780073,0.035930503,0.029234366,0.042058308,0.038870685,0.051773971,0.030260754,0.027551112,0.146685211,0.204857448,0.461804058,0.056197911,0.309156682,0.032562073,0.136737724,0.165826183,0.029580241,0.050586882,0.055807171,0.038397964,0.05556141,0.045895917,0.102170229,0.032919856,0.028500529,0.278628172,0.065033312,0.041294912,0.02854434,0.036660886
0.067335301,0.055206715,0.066615429,0.049521628,0.038261458,0.050520824,0.09026056,0.099238527,0.084359534,0.079313307,0.130657603,0.099737506,0.065604497,0.05571416,0.017740534,0.070081934,0.036533683,0.082099409,0.088126507,0.020695515,0.024368416,0.024787681,0.092499527,0.018968667,0.027071584,0.065645676,0.050819343,0.088815934,0.109146056,0.043132858,0.04042472,0.037477211,0.07247523,1,0.142142361,0.028477729,0.042186104,0.143189328,0.038646601,0.131218318,0.04017053,0.203284496,0.037409466,0.03364947,0.022630028,0.037097298,0.07923547,0.033886191,0.052013529,0.062112139,0.021921969,0.083066912,0.027762287,0.068723979,0.051718545,0.043617909,0.092584068,0.099421375,0.071913656,0.142645033,0.064054668,0.059113711,0.048937055,0.125849238,0.021693103,0.085810208,0.226349248,0.080803212,0.063358214,0.05186376,0.190821533,0.024385238,0.041203493,0.058948093,0.091043906,0.031886367,0.022613351,0.02865245
0.124332867,0.08784579,0.125026055,0.042572344,0.033040107,0.042074112,0.059382517,0.311352905,0.198460994,0.168674245,0.072329051,0.065301923,0.119823372,0.081718937,0.02025437,0.106884061,0.046215557,0.193970146,0.117347854,0.023436174,0.027638344,0.02910553,0.076801586,0.021808733,0.031874465,0.109727807,0.064113139,0.064624653,0.062272968,0.034437282,0.035364278,0.03125448,0.145720783,0.142142361,1,0.035305335,0.055966213,0.17846639,0.031284986,0.200011278,0.05589455,0.113090027,0.05061312,0.043775952,0.026172404,0.050143405,0.173760125,0.029226095,0.041383733,0.046880568,0.025514914,0.058080941,0.033418372,0.067057213,0.038183778,0.03394652,0.152588671,0.226293371,0.145337028,0.082096772,0.11624011,0.041848233,0.074506177,0.470311798,0.025390918,0.064959495,0.088278092,0.051557051,0.068231696,0.053808273,0.224516118,0.028707357,0.034556325,0.100712498,0.093381737,0.037869824,0.025892895,0.033535776
0.049267555,0.058817385,0.047165117,0.02366491,0.020272638,0.022748192,0.022228762,0.038571944,0.040615236,0.040980654,0.023735788,0.023089156,0.046009329,0.054444257,0.045207265,0.044704281,0.082451016,0.042354849,0.037552786,0.050771216,0.050031251,0.087966383,0.029021946,0.056638212,0.076644733,0.049548079,0.047148266,0.023334938,0.022586408,0.018974883,0.021609899,0.018560281,0.044068753,0.028477729,0.035305335,1,0.072721432,0.03384312,0.017861873,0.032098511,0.089219022,0.027116735,0.108816164,0.177668103,0.070998124,0.103402473,0.044300447,0.018471261,0.021561254,0.022362541,0.082601429,0.024149424,0.119352739,0.031295667,0.018908039,0.018197128,0.034177458,0.036267144,0.046170702,0.024820317,0.050210544,0.019538362,0.064999117,0.035245409,0.089938712,0.023558281,0.025300968,0.02110553,0.03461134,0.032760884,0.031038763,0.097877903,0.020152793,0.052346026,0.033045623,0.06295383,0.059162327,0.063417049
0.093823642,0.126361429,0.073573737,0.035073872,0.028079964,0.033100124,0.02898089,0.060154873,0.061997428,0.060750133,0.031991804,0.030213805,0.067607252,0.173702116,0.027919944,0.104114269,0.264747096,0.068265588,0.073667817,0.040318715,0.052933021,0.060102378,0.047626364,0.032405469,0.0739489,0.114209514,0.133394671,0.029997088,0.030601662,0.025587947,0.03068304,0.024914749,0.067321595,0.042186104,0.055966213,0.072721432,1,0.058097766,0.02359822,0.045290944,0.097502711,0.03748531,0.097977701,0.097116626,0.04881371,0.087710633,0.078955688,0.024745351,0.030584798,0.032080238,0.044960619,0.035622154,0.080964409,0.054866491,0.025043835,0.024037704,0.046644812,0.05251528,0.077564145,0.033401853,0.0858276,0.025951756,0.098796866,0.053277223,0.042414133,0.030106942,0.035652366,0.028280388,0.066036434,0.059104345,0.044873682,0.057589485,0.027878586,0.082101663,0.059303098,0.105971464,0.048183698,0.080486727
0.098771574,0.077466014,0.084356155,0.055430052,0.040032884,0.054031515,0.055376994,0.121386116,0.101232235,0.091976426,0.068468664,0.058869298,0.078938374,0.086605347,0.019476986,0.131388671,0.048172634,0.107951265,0.228861794,0.024068395,0.029344414,0.02960691,0.132260117,0.021187918,0.033143901,0.106657496,0.07875777,0.055564467,0.064378125,0.040405813,0.043782604,0.036699533,0.089225843,0.143189328,0.17846639,0.03384312,0.058097766,1,0.035907029,0.099589505,0.049265846,0.088999149,0.045652482,0.040900825,0.026594526,0.044672956,0.119156827,0.034343542,0.051731766,0.059653942,0.025385363,0.078025132,0.033830279,0.106570713,0.042716734,0.038535236,0.082500478,0.099965743,0.097742505,0.071893014,0.086339146,0.046222434,0.062140046,0.129528974,0.024827437,0.054825819,0.090572631,0.055089509,0.104439603,0.074572239,0.1182058,0.028922394,0.041875822,0.075230701,0.192362425,0.040919744,0.026708492,0.035724106
0.026360871,0.024723281,0.025281657,0.064461304,0.084458479,0.075977441,0.038494829,0.028434716,0.027034741,0.026390274,0.040351876,0.036694108,0.024887466,0.026502123,0.012803362,0.02952359,0.022220361,0.027177069,0.0337754,0.015909974,0.018728597,0.017532348,0.046330446,0.013658308,0.019067947,0.027285407,0.028361257,0.033331717,0.04757203,0.302880604,0.069673862,0.181106386,0.025851991,0.038646601,0.031284986,0.017861873,0.02359822,0.035907029,1,0.029881578,0.020856991,0.034896627,0.020247042,0.019426628,0.016532288,0.019997127,0.02760127,0.101137729,0.101638926,0.088431446,0.015671309,0.066499776,0.018643573,0.041199875,0.102742803,0.208704677,0.027269128,0.027945747,0.026301223,0.036742119,0.025361682,0.078238287,0.022784071,0.029860801,0.01518932,0.032184329,0.042804721,0.055808439,0.036404795,0.03673824,0.032158292,0.017115189,0.109775179,0.024317944,0.038781254,0.021851231,0.016959047,0.020391518
0.086381511,0.067441602,0.100450381,0.037015719,0.029954933,0.03712739,0.071010981,0.181826357,0.152953035,0.146967219,0.084938818,0.081378319,0.104345011,0.059928041,0.01949534,0.07035107,0.038685574,0.129750102,0.074236941,0.021391022,0.024554243,0.026158442,0.059476385,0.020690488,0.028103335,0.074443587,0.048746409,0.085387239,0.067034288,0.032463998,0.031527703,0.029179468,0.118024028,0.131218318,0.200011278,0.032098511,0.045290944,0.099589505,0.029881578,1,0.049620045,0.161590159,0.045155067,0.039152746,0.02377898,0.045323549,0.106092289,0.027049572,0.037439219,0.042301214,0.023500056,0.051194662,0.029643915,0.051548638,0.037789033,0.032940572,0.308963748,0.276557146,0.103438447,0.105502795,0.088149848,0.042064441,0.063351481,0.296937683,0.023656583,0.087889164,0.093576004,0.05374523,0.051339667,0.0427746,0.420023298,0.025959942,0.031546408,0.082918871,0.065633027,0.032284503,0.023388303,0.02915088
0.097626875,0.133296963,0.097663626,0.02790754,0.023196053,0.026958634,0.029280305,0.065949867,0.073068516,0.074896416,0.031767375,0.030852558,0.09422672,0.089553362,0.031764959,0.069529782,0.082599026,0.077679941,0.054105104,0.034144874,0.037938422,0.048962817,0.037684098,0.035480024,0.050972572,0.088204494,0.061085458,0.031451567,0.029460774,0.022343746,0.02478855,0.021419696,0.085515173,0.04017053,0.05589455,0.089219022,0.097502711,0.049265846,0.020856991,0.049620045,1,0.038360921,0.494349571,0.177839312,0.041789081,0.478328503,0.081107245,0.02094869,0.025742538,0.027263528,0.043226592,0.030349091,0.062164335,0.039625371,0.022947792,0.02162368,0.055272822,0.060453077,0.090763502,0.033929576,0.107664874,0.024072107,0.223488544,0.056822837,0.044954682,0.031905435,0.034224764,0.026831508,0.044094398,0.039246053,0.046672096,0.049851943,0.023371604,0.122884695,0.044568885,0.054465029,0.038820147,0.049175169
0.059651366,0.049719097,0.063166299,0.040335861,0.032945173,0.041361947,0.123315443,0.091275133,0.080715554,0.077940869,0.179051111,0.154203235,0.063965569,0.047642462,0.017428913,0.056382503,0.032855343,0.075348117,0.064376433,0.019426161,0.02235693,0.023148537,0.063622833,0.018436962,0.024905093,0.055753326,0.042317407,0.146285279,0.112522962,0.038043453,0.034244054,0.033118228,0.069449371,0.203284496,0.113090027,0.027116735,0.03748531,0.088999149,0.034896627,0.161590159,0.038360921,1,0.035679071,0.031937933,0.021253935,0.035669856,0.069064385,0.029949958,0.043191994,0.050160974,0.020845804,0.062156446,0.025795914,0.051437448,0.047893688,0.039803636,0.108865621,0.103039657,0.065708002,0.293019018,0.058953263,0.055512864,0.046235459,0.117549931,0.020839968,0.142743677,0.188883973,0.079165711,0.048759345,0.04148142,0.21457216,0.022898737,0.035402645,0.055770895,0.063498529,0.028597262,0.021089976,0.026012607
0.083566108,0.111071538,0.08188746,0.027082758,0.022630198,0.026124313,0.027684682,0.058484042,0.063862929,0.065148459,0.0299297,0.02907694,0.079217104,0.082488611,0.033735166,0.064002169,0.087474075,0.067582579,0.050452538,0.036333807,0.039921885,0.053543448,0.035857831,0.038150439,0.054995367,0.078475205,0.059123217,0.029584456,0.027920514,0.021656608,0.024181363,0.02084916,0.073110589,0.037409466,0.05061312,0.108816164,0.097977701,0.045652482,0.020247042,0.045155067,0.494349571,0.035679071,1,0.275181411,0.045233782,0.795935234,0.070801549,0.020465421,0.024894246,0.026248622,0.047280638,0.029034537,0.069314017,0.037989643,0.022093826,0.020913174,0.049720006,0.05394259,0.077465218,0.031810855,0.089561395,0.023101277,0.156242095,0.051173314,0.049449748,0.029979464,0.032174436,0.025573768,0.042314022,0.038140052,0.042775503,0.054902318,0.022735288,0.098959745,0.042123667,0.057067895,0.041524188,0.052056165
0.067262491,0.085825983,0.064159592,0.02606128,0.021942342,0.025065376,0.025368528,0.049128262,0.052592696,0.053253362,0.027313374,0.026507462,0.062087683,0.072642693,0.037181743,0.056769338,0.097546716,0.055434781,0.04567534,0.041535776,0.04481872,0.065448415,0.03345328,0.043457154,0.065343059,0.06625668,0.056633171,0.026856613,0.02573382,0.02073785,0.023458142,0.020112265,0.058571758,0.03364947,0.043775952,0.177668103,0.097116626,0.040900825,0.019426628,0.039152746,0.177839312,0.031937933,0.275181411,1,0.053769203,0.229082769,0.058428107,0.019870923,0.023783054,0.024894959,0.057086202,0.027265693,0.089230437,0.035907472,0.020895138,0.019933393,0.042315549,0.045550902,0.062106962,0.028798965,0.069672546,0.021728202,0.102440955,0.043852139,0.059759055,0.027157558,0.029317065,0.023783947,0.04007456,0.036882247,0.037522713,0.068094055,0.02192975,0.074161508,0.038919962,0.063495674,0.048160273,0.059282979
0.032800086,0.03671883,0.030711749,0.022060053,0.019383078,0.021059011,0.018195022,0.02735292,0.028020244,0.027967201,0.019327839,0.018688664,0.029901456,0.038105367,0.042040516,0.033327267,0.059364518,0.029096266,0.029683996,0.178082978,0.095873655,0.259538074,0.024847838,0.058808092,0.124303493,0.03432395,0.038587645,0.018660121,0.018824983,0.017477867,0.020672293,0.017471842,0.02939411,0.022630028,0.026172404,0.070998124,0.04881371,0.026594526,0.016532288,0.02377898,0.041789081,0.021253935,0.045233782,0.053769203,1,0.043550812,0.03057729,0.017740258,0.019741454,0.020072297,0.17452808,0.02112383,0.120188852,0.027378931,0.016794672,0.01651856,0.024487238,0.025828934,0.030829042,0.019857597,0.032408296,0.017102402,0.036731491,0.025725227,0.094473245,0.018732684,0.020609495,0.01795974,0.030004179,0.030035262,0.023501908,0.254899317,0.018970891,0.032639973,0.027458653,0.067865773,0.254189269,0.085725513
0.08108082,0.104605998,0.081912818,0.0264807,0.022203981,0.025597538,0.027699317,0.058248435,0.063915129,0.065527753,0.029872832,0.029117953,0.080083992,0.07688037,0.033971164,0.061103711,0.078812505,0.067145732,0.048766703,0.035178405,0.038162895,0.050998659,0.035004152,0.038056852,0.051813311,0.074765782,0.055641138,0.029713532,0.027788437,0.021362765,0.023676904,0.020535396,0.073322569,0.037097298,0.050143405,0.103402473,0.087710633,0.044672956,0.019997127,0.045323549,0.478328503,0.035669856,0.795935234,0.229082769,0.043550812,1,0.069394551,0.020126708,0.024466866,0.025817943,0.045992203,0.028554516,0.064784602,0.036817725,0.021897468,0.020690838,0.050290121,0.054207156,0.076549475,0.03181418,0.08814685,0.022921908,0.153324595,0.051039228,0.04867447,0.030145637,0.03198126,0.025425191,0.040757898,0.036742943,0.042723797,0.052491909,0.022338473,0.098791068,0.040899218,0.053272382,0.039905219,0.048977148
0.436274494,0.177254227,0.27064165,0.038802943,0.030373014,0.037670435,0.044353072,0.252509459,0.260499642,0.219907089,0.051076018,0.047701725,0.207089701,0.133731795,0.022848455,0.159753368,0.060866446,0.434422647,0.120331971,0.02678566,0.031828761,0.034643195,0.064319371,0.024921752,0.038229073,0.236951719,0.081354094,0.047868226,0.045984893,0.030174759,0.032751592,0.028106814,0.271024893,0.07923547,0.173760125,0.044300447,0.078955688,0.119156827,0.02760127,0.106092289,0.081107245,0.069064385,0.070801549,0.058428107,0.03057729,0.069394551,1,0.026849237,0.036159597,0.039760571,0.029857496,0.047160144,0.040999755,0.063352877,0.031941105,0.029253973,0.111286502,0.154729395,0.516231019,0.055979947,0.311522936,0.034225221,0.126176886,0.16205409,0.029736143,0.048349546,0.058829355,0.040027401,0.069755764,0.055231985,0.101187354,0.034196379,0.031186741,0.204054795,0.083472228,0.046046353,0.030000114,0.040049546
0.025979937,0.024770057,0.024468153,0.083634703,0.206704341,0.093307899,0.030470227,0.026857223,0.025670838,0.025039706,0.032468006,0.029672156,0.023943193,0.027208333,0.013150263,0.02997178,0.023605918,0.026059048,0.033977589,0.017254378,0.020769673,0.018784373,0.046086361,0.014168624,0.020655345,0.02737616,0.030367947,0.027482462,0.036446079,0.108665001,0.124716015,0.220914028,0.024802266,0.033886191,0.029226095,0.018471261,0.024745351,0.034343542,0.101137729,0.027049572,0.02094869,0.029949958,0.020465421,0.019870923,0.017740258,0.020126708,0.026849237,1,0.097215417,0.074272717,0.016567254,0.057234215,0.019842123,0.044361602,0.054090909,0.070314759,0.02502427,0.025977808,0.025532385,0.030438927,0.024831358,0.047525976,0.022634907,0.02770517,0.015865193,0.026757614,0.035295819,0.039758696,0.039412953,0.042147591,0.028881367,0.018227526,0.189220934,0.023778011,0.039251491,0.023936423,0.018413667,0.022368009
0.034333753,0.03188904,0.032068644,0.159385111,0.132944683,0.260270447,0.042895292,0.036686365,0.034456531,0.033348537,0.047759299,0.041725023,0.031267655,0.035358264,0.014600054,0.04073292,0.028390994,0.035003635,0.049101561,0.01883561,0.022871966,0.021187018,0.081209265,0.015751823,0.023467396,0.036350311,0.03923974,0.037633042,0.055949265,0.15242143,0.129977703,0.126208575,0.032780073,0.052013529,0.041383733,0.021561254,0.030584798,0.051731766,0.101638926,0.037439219,0.025742538,0.043191994,0.024894246,0.023783054,0.019741454,0.024466866,0.036159597,0.097215417,1,0.309212549,0.018524306,0.139111594,0.022823299,0.068950761,0.081184121,0.093645036,0.033629489,0.035257686,0.03385634,0.043827016,0.032484174,0.073141543,0.028577726,0.038504657,0.017834531,0.036353577,0.054983108,0.061466878,0.05656529,0.057430012,0.04105685,0.020579333,0.196281217,0.030731717,0.060863156,0.027826753,0.020334631,0.025488191
0.037377308,0.034273261,0.034975144,0.130030682,0.093540382,0.176076477,0.049507029,0.040857931,0.038072972,0.036748401,0.056369215,0.048097265,0.034105647,0.037832283,0.014963096,0.044320255,0.029468575,0.038597851,0.054642066,0.019025246,0.023024045,0.021616186,0.097272488,0.016121061,0.023918274,0.039426678,0.041304364,0.042779121,0.067712005,0.123784834,0.095886822,0.093587384,0.035930503,0.062112139,0.046880568,0.022362541,0.032080238,0.059653942,0.088431446,0.042301214,0.027263528,0.050160974,0.026248622,0.024894959,0.020072297,0.025817943,0.039760571,0.074272717,0.309212549,1,0.018916146,0.241842353,0.02342909,0.075140369,0.091172277,0.093156768,0.037439252,0.039308624,0.037047157,0.05105173,0.035305571,0.085945738,0.030595176,0.043358977,0.018280435,0.041151192,0.066874108,0.074394737,0.060537938,0.058922621,0.047006732,0.021029819,0.120152939,0.033276804,0.069042979,0.028413641,0.020585804,0.02590882
0.032043459,0.035893088,0.030569518,0.020414506,0.018005276,0.019598988,0.01784772,0.026918381,0.027748604,0.027819561,0.018877886,0.01836385,0.029937059,0.035910744,0.055188198,0.031430171,0.052595535,0.028680367,0.027927363,0.099734225,0.062265101,0.136637497,0.023286139,0.087658826,0.081831612,0.032913092,0.034888119,0.018434007,0.01827462,0.016525004,0.019105183,0.016419983,0.029234366,0.021921969,0.025514914,0.082601429,0.044960619,0.025385363,0.015671309,0.023500056,0.043226592,0.020845804,0.047280638,0.057086202,0.17452808,0.045992203,0.029857496,0.016567254,0.018524306,0.018916146,1,0.019972076,0.098200011,0.025261982,0.016104346,0.015750189,0.024428038,0.02560619,0.030396727,0.019472699,0.032042218,0.016455961,0.037003668,0.025280137,0.201951278,0.01854359,0.019991858,0.017379565,0.027492564,0.027126042,0.023065525,0.181601595,0.017721959,0.032610629,0.025690243,0.053657474,0.103772538,0.061961918
0.043670233,0.039269956,0.040681732,0.105834493,0.070087334,0.1209053,0.057548546,0.049077286,0.04509623,0.043264359,0.068764823,0.056548814,0.039571967,0.043392997,0.015754681,0.052411943,0.032195206,0.045737374,0.067570637,0.019837059,0.024031829,0.022890154,0.140311854,0.016985226,0.025376121,0.046074598,0.046581924,0.049688284,0.08257737,0.083750347,0.07493801,0.067477444,0.042058308,0.083066912,0.058080941,0.024149424,0.035622154,0.078025132,0.066499776,0.051194662,0.030349091,0.062156446,0.029034537,0.027265693,0.02112383,0.028554516,0.047160144,0.057234215,0.139111594,0.241842353,0.019972076,1,0.025053022,0.090503725,0.081464303,0.073802264,0.044276245,0.04693524,0.043450532,0.062115149,0.04098606,0.084531915,0.03465294,0.052821703,0.019361532,0.047671003,0.088127827,0.084933254,0.070802141,0.064672201,0.058226856,0.022292103,0.081709254,0.038312248,0.089202331,0.030382371,0.02156811,0.027467337
0.045108162,0.052869263,0.041194292,0.025708218,0.021946767,0.024451157,0.021408803,0.035411649,0.036529193,0.036418941,0.022975922,0.022107472,0.039698666,0.055298694,0.037990869,0.045560846,0.112309557,0.038388665,0.038750919,0.075138246,0.086024446,0.221453802,0.030498621,0.049218957,0.213629418,0.047890617,0.05409941,0.022084879,0.022209496,0.019864942,0.023592354,0.019684765,0.038870685,0.027762287,0.033418372,0.119352739,0.080964409,0.033830279,0.018643573,0.029643915,0.062164335,0.025795914,0.069314017,0.089230437,0.120188852,0.064784602,0.040999755,0.019842123,0.022823299,0.02342909,0.098200011,0.025053022,1,0.034010428,0.019235558,0.018756432,0.03072855,0.032893088,0.041459272,0.023758792,0.044347296,0.019708964,0.052486405,0.032726004,0.078486646,0.022189984,0.024762849,0.020964479,0.03818031,0.037336565,0.029200077,0.199250563,0.021575629,0.044680523,0.034717966,0.109354536,0.103375633,0.127411583
0.060492775,0.055613685,0.051361493,0.094312812,0.055938701,0.082988117,0.040834486,0.058392798,0.054066269,0.05132547,0.04756249,0.041708645,0.048552117,0.070364132,0.018503999,0.091381064,0.048234214,0.057248347,0.133718671,0.025373148,0.032718068,0.030345642,0.218166127,0.020415734,0.035052043,0.070420002,0.091005897,0.038974742,0.049211982,0.047686383,0.066065012,0.045597022,0.051773971,0.068723979,0.067057213,0.031295667,0.054866491,0.106570713,0.041199875,0.051548638,0.039625371,0.051437448,0.037989643,0.035907472,0.027378931,0.036817725,0.063352877,0.044361602,0.068950761,0.075140369,0.025261982,0.090503725,0.034010428,1,0.042891597,0.041642513,0.046587937,0.052020452,0.056492096,0.046964473,0.054169863,0.043937777,0.045694993,0.058690455,0.02405442,0.038240776,0.058487137,0.046532763,0.311226697,0.200882029,0.056661157,0.029196788,0.056334345,0.049404291,0.237868171,0.04554713,0.028259094,0.039351971
0.029999307,0.027551655,0.029270151,0.054415239,0.054194354,0.062281706,0.059759536,0.034077945,0.03210316,0.031314651,0.061834479,0.054895065,0.028970889,0.028897209,0.013377514,0.032710167,0.023205413,0.031930914,0.03789387,0.015953354,0.018566529,0.017903182,0.051804072,0.014184676,0.01936346,0.030514368,0.029733706,0.047788354,0.08108196,0.107702676,0.050707763,0.071327379,0.030260754,0.051718545,0.038183778,0.018908039,0.025043835,0.042716734,0.102742803,0.037789033,0.022947792,0.047893688,0.022093826,0.020895138,0.016794672,0.021897468,0.031941105,0.054090909,0.081184121,0.091172277,0.016104346,0.081464303,0.019235558,0.042891597,1,0.198234709,0.033682232,0.034076158,0.030423475,0.053257033,0.029003839,0.312886362,0.025491442,0.036655194,0.015766572,0.045413872,0.063305602,0.113956838,0.037881181,0.036298815,0.041294103,0.017554883,0.065214343,0.027777816,0.04313251,0.022133838,0.017055519,0.020542508
0.027730791,0.025763658,0.026811453,0.059052633,0.066013627,0.069022848,0.046191249,0.030614176,0.02899346,0.028296646,0.04808613,0.043387633,0.026461863,0.027332049,0.012986709,0.030670143,0.022466831,0.029005265,0.035297474,0.015800036,0.018481123,0.017556372,0.048524307,0.013807985,0.019034939,0.028470742,0.028710345,0.038786995,0.058942152,0.18612266,0.058599803,0.103121631,0.027551112,0.043617909,0.03394652,0.018197128,0.024037704,0.038535236,0.208704677,0.032940572,0.02162368,0.039803636,0.020913174,0.019933393,0.01651856,0.020690838,0.029253973,0.070314759,0.093645036,0.093156768,0.015750189,0.073802264,0.018756432,0.041642513,0.198234709,1,0.02976806,0.030324775,0.027875851,0.042855733,0.026744183,0.121988753,0.023796265,0.032487906,0.015342764,0.037218703,0.050295747,0.073496408,0.036744386,0.036161142,0.035671837,0.017177534,0.082725261,0.025635283,0.040405224,0.021773416,0.016860333,0.020271251
0.092714917,0.072770749,0.120732667,0.033654865,0.027580904,0.033583654,0.059768826,0.190808335,0.18835692,0.196598358,0.067875738,0.067299665,0.132632658,0.060746204,0.020489491,0.067998819,0.039772212,0.146760472,0.067183851,0.021865264,0.024811915,0.026984444,0.051696842,0.021678729,0.028758783,0.075731606,0.047608751,0.072265497,0.05545313,0.029430203,0.029016423,0.026759331,0.146685211,0.092584068,0.152588671,0.034177458,0.046644812,0.082500478,0.027269128,0.308963748,0.055272822,0.108865621,0.049720006,0.042315549,0.024487238,0.050290121,0.111286502,0.02502427,0.033629489,0.037439252,0.024428038,0.044276245,0.03072855,0.046587937,0.033682232,0.02976806,1,0.384237659,0.116776746,0.081341916,0.099884551,0.037069172,0.071824382,0.225714004,0.024793054,0.075181258,0.071933224,0.045976954,0.047334897,0.039900994,0.179265826,0.026891478,0.028834486,0.097284086,0.057934802,0.032621663,0.023911872,0.029551762
0.119147071,0.086946472,0.15689926,0.035847493,0.028883647,0.035558114,0.05654538,0.378858453,0.329868583,0.313465539,0.065517645,0.062886452,0.167523244,0.0717616,0.020965566,0.082618607,0.043902756,0.227078698,0.080488895,0.022979621,0.02641227,0.028644716,0.057353321,0.022362971,0.030808005,0.093758019,0.054339902,0.065439058,0.054895626,0.030335664,0.030600844,0.027681841,0.204857448,0.099421375,0.226293371,0.036267144,0.05251528,0.099965743,0.027945747,0.276557146,0.060453077,0.103039657,0.05394259,0.045550902,0.025828934,0.054207156,0.154729395,0.025977808,0.035257686,0.039308624,0.02560619,0.04693524,0.032893088,0.052020452,0.034076158,0.030324775,0.384237659,1,0.159101499,0.076608382,0.126912759,0.037313398,0.082019209,0.416431874,0.025848394,0.067150715,0.072693086,0.045806132,0.053465242,0.044174173,0.189352594,0.02846822,0.030110985,0.118067663,0.066533574,0.035490952,0.025274718,0.03184264
0.429813641,0.19169878,0.565469599,0.036090869,0.028689025,0.035122641,0.04286692,0.234011313,0.305240916,0.279018747,0.048727702,0.046165465,0.334489351,0.121086336,0.023531205,0.127560188,0.060306985,0.507756909,0.097813259,0.0268564,0.031468359,0.034931714,0.057248928,0.025591387,0.038146153,0.191338172,0.073778004,0.046839971,0.043618556,0.028608289,0.03079768,0.026695652,0.461804058,0.071913656,0.145337028,0.046170702,0.077564145,0.097742505,0.026301223,0.103438447,0.090763502,0.065708002,0.077465218,0.062106962,0.030829042,0.076549475,0.516231019,0.025532385,0.03385634,0.037047157,0.030396727,0.043450532,0.041459272,0.056492096,0.030423475,0.027875851,0.116776746,0.159101499,1,0.053674382,0.571429887,0.032586545,0.152797361,0.148910782,0.030518228,0.047517323,0.054930322,0.038058955,0.061832668,0.050266128,0.094703557,0.034640633,0.029430962,0.318645145,0.071856011,0.045067845,0.030036687,0.039509451
0.0496224,0.042548585,0.051991075,0.039527605,0.033071013,0.041043814,0.212887842,0.069596037,0.06333423,0.061710398,0.377419671,0.316188894,0.052614807,0.041290393,0.016461412,0.048020411,0.029688522,0.059935964,0.054717223,0.018274839,0.020927591,0.021502591,0.058192225,0.017346757,0.023056353,0.047113044,0.037688724,0.228490526,0.155078373,0.039788084,0.033969826,0.034088056,0.056197911,0.142645033,0.082096772,0.024820317,0.033401853,0.071893014,0.036742119,0.105502795,0.033929576,0.293019018,0.031810855,0.028798965,0.019857597,0.03181418,0.055979947,0.030438927,0.043827016,0.05105173,0.019472699,0.062115149,0.023758792,0.046964473,0.053257033,0.042855733,0.081341916,0.076608382,0.053674382,1,0.049079587,0.063539387,0.039940112,0.083894339,0.019456919,0.199706633,0.209227914,0.098585935,0.043965413,0.038258797,0.123867589,0.021271201,0.035872236,0.046869883,0.05574623,0.026281462,0.019744692,0.02406547
0.499742812,0.265060503,0.510111551,0.034867508,0.027867696,0.033831946,0.039885358,0.166399017,0.206250035,0.20290278,0.044899173,0.042739589,0.306757374,0.13212701,0.024528282,0.12452038,0.065538716,0.270638466,0.090727547,0.027993025,0.032754482,0.036951075,0.05376595,0.02679114,0.040326452,0.201268153,0.075732118,0.043391505,0.040554462,0.027525686,0.02993316,0.025836134,0.309156682,0.064054668,0.11624011,0.050210544,0.0858276,0.086339146,0.025361682,0.088149848,0.107664874,0.058953263,0.089561395,0.069672546,0.032408296,0.08814685,0.311522936,0.024831358,0.032484174,0.035305571,0.032042218,0.04098606,0.044347296,0.054169863,0.029003839,0.026744183,0.099884551,0.126912759,0.571429887,0.049079587,1,0.030919613,0.20735029,0.118253017,0.032229311,0.044015558,0.050173799,0.035731682,0.059984657,0.049366991,0.081285617,0.036697987,0.028471106,0.558174297,0.067269452,0.047514624,0.031434021,0.041551478
0.031926038,0.029076039,0.031353676,0.051780136,0.048881072,0.058283199,0.073842591,0.03704951,0.034758282,0.033887435,0.076282772,0.066454095,0.031095162,0.030253234,0.013720648,0.034450019,0.023903227,0.034423178,0.040062162,0.01617036,0.018769626,0.018271218,0.054164172,0.014528291,0.019736213,0.032256734,0.030685204,0.056348968,0.10759837,0.083937904,0.046891294,0.059964605,0.032562073,0.059113711,0.041848233,0.019538362,0.025951756,0.046222434,0.078238287,0.042064441,0.024072107,0.055512864,0.023101277,0.021728202,0.017102402,0.022921908,0.034225221,0.047525976,0.073141543,0.085945738,0.016455961,0.084531915,0.019708964,0.043937777,0.312886362,0.121988753,0.037069172,0.037313398,0.032586545,0.063539387,0.030919613,1,0.026926864,0.040271842,0.0161609,0.053072291,0.076388482,0.177310626,0.038906393,0.036643791,0.046314495,0.017939357,0.057493798,0.029590048,0.045322477,0.022558781,0.017312811,0.020890297
0.167550678,0.251896385,0.171489465,0.030877896,0.025217789,0.02987132,0.033641954,0.093456646,0.107854593,0.110901697,0.037015924,0.035709503,0.156654071,0.116363303,0.027814718,0.09131702,0.07634347,0.119002533,0.067787088,0.030902436,0.035403346,0.042483199,0.044064554,0.030665016,0.045570925,0.130103111,0.069523976,0.036398981,0.033932174,0.024545793,0.027018209,0.023318293,0.136737724,0.048937055,0.074506177,0.064999117,0.098796866,0.062140046,0.022784071,0.063351481,0.223488544,0.046235459,0.156242095,0.102440955,0.036731491,0.153324595,0.126176886,0.022634907,0.028577726,0.030595176,0.037003668,0.03465294,0.052486405,0.045694993,0.025491442,0.023796265,0.071824382,0.082019209,0.152797361,0.039940112,0.20735029,0.026926864,1,0.076094801,0.037742141,0.036950126,0.040406475,0.030479385,0.050959427,0.04383541,0.05890109,0.042615405,0.025557851,0.268458501,0.053427017,0.051701321,0.034949932,0.045645103
0.11907898,0.085352872,0.1352382,0.039186063,0.031033515,0.038872802,0.060183037,0.408310155,0.248876937,0.213601501,0.07203181,0.066902672,0.135145788,0.075028926,0.020408118,0.091822281,0.044356019,0.209875303,0.094921861,0.022991384,0.026761271,0.028542488,0.066336466,0.021859773,0.030972113,0.099168161,0.058112272,0.067869318,0.06049093,0.032640753,0.033006201,0.029632312,0.165826183,0.125849238,0.470311798,0.035245409,0.053277223,0.129528974,0.029860801,0.296937683,0.056822837,0.117549931,0.051173314,0.043852139,0.025725227,0.051039228,0.16205409,0.02770517,0.038504657,0.043358977,0.025280137,0.052821703,0.032726004,0.058690455,0.036655194,0.032487906,0.225714004,0.416431874,0.148910782,0.083894339,0.118253017,0.040271842,0.076094801,1,0.025327639,0.068908209,0.083896929,0.049890508,0.059770941,0.048393068,0.259966777,0.028254309,0.032456287,0.105591164,0.077913603,0.036216469,0.025326538,0.032308225
0.031904977,0.035691998,0.030942421,0.019452211,0.017183997,0.018753331,0.017827577,0.026999882,0.027980061,0.028159735,0.018795209,0.018374019,0.030463068,0.034680048,0.072456264,0.030423553,0.04795219,0.028799803,0.026999416,0.067096148,0.048354089,0.088525269,0.022436446,0.13196962,0.062730453,0.032264041,0.032693997,0.018529325,0.018096691,0.015991167,0.01817063,0.015807373,0.029580241,0.021693103,0.025390918,0.089938712,0.042414133,0.024827437,0.01518932,0.023656583,0.044954682,0.020839968,0.049449748,0.059759055,0.094473245,0.04867447,0.029736143,0.015865193,0.017834531,0.018280435,0.201951278,0.019361532,0.078486646,0.02405442,0.015766572,0.015342764,0.024793054,0.025848394,0.030518228,0.019456919,0.032229311,0.0161609,0.037742141,0.025327639,1,0.018673063,0.019796352,0.017157961,0.026046153,0.025421094,0.02308072,0.108381615,0.016990318,0.033093407,0.024728963,0.045839913,0.068880295,0.050409789
0.043672732,0.038189068,0.047030862,0.033050464,0.028581481,0.034191119,0.185984603,0.059385987,0.055890146,0.055408417,0.151979072,0.261577371,0.048232012,0.036193844,0.016120239,0.040676594,0.027033248,0.052405497,0.044371135,0.017245091,0.019400596,0.020182795,0.045170517,0.016827022,0.021396708,0.040871144,0.032696015,0.910081004,0.099102016,0.0341606,0.029138006,0.029705629,0.050586882,0.085810208,0.064959495,0.023558281,0.030106942,0.054825819,0.032184329,0.087889164,0.031905435,0.142743677,0.029979464,0.027157558,0.018732684,0.030145637,0.048349546,0.026757614,0.036353577,0.041151192,0.01854359,0.047671003,0.022189984,0.038240776,0.045413872,0.037218703,0.075181258,0.067150715,0.047517323,0.199706633,0.044015558,0.053072291,0.036950126,0.068908209,0.018673063,1,0.10255076,0.075372618,0.036466865,0.032331184,0.091369131,0.020047445,0.030753298,0.04282636,0.044186684,0.023940292,0.018531696,0.022121542
0.051961055,0.044399988,0.052064122,0.048732633,0.039143734,0.051017454,0.134805691,0.070341224,0.062791917,0.060280372,0.254573245,0.144075216,0.051769591,0.044842122,0.016474514,0.053941208,0.031560254,0.060929777,0.065359094,0.019022537,0.022186887,0.022381428,0.078300715,0.017508089,0.024278725,0.050917693,0.042262336,0.111038653,0.210488999,0.047592442,0.040529637,0.040002503,0.055807171,0.226349248,0.088278092,0.025300968,0.035652366,0.090572631,0.042804721,0.093576004,0.034224764,0.188883973,0.032174436,0.029317065,0.020609495,0.03198126,0.058829355,0.035295819,0.054983108,0.066874108,0.019991858,0.088127827,0.024762849,0.058487137,0.063305602,0.050295747,0.071933224,0.072693086,0.054930322,0.209227914,0.050173799,0.076388482,0.040406475,0.083896929,0.019796352,0.10255076,1,0.123069405,0.052886281,0.045372724,0.117500141,0.02203623,0.042970095,0.047143223,0.07061814,0.028193344,0.02063355,0.02562252
0.03677806,0.032888242,0.036601294,0.048017818,0.042245361,0.052410459,0.124006186,0.044769431,0.041578138,0.040470459,0.13333871,0.105789533,0.036440911,0.0336779,0.014547074,0.038826841,0.025732067,0.040792641,0.045439998,0.01682944,0.019471941,0.019278019,0.059099466,0.015380369,0.020792655,0.03664142,0.033187816,0.082113223,0.266273174,0.060811148,0.041933184,0.047461878,0.038397964,0.080803212,0.051557051,0.02110553,0.028280388,0.055089509,0.055808439,0.05374523,0.026831508,0.079165711,0.025573768,0.023783947,0.01795974,0.025425191,0.040027401,0.039758696,0.061466878,0.074394737,0.017379565,0.084933254,0.020964479,0.046532763,0.113956838,0.073496408,0.045976954,0.045806132,0.038058955,0.098585935,0.035731682,0.177310626,0.030479385,0.049890508,0.017157961,0.075372618,0.123069405,1,0.041568538,0.037922878,0.060404145,0.018968952,0.048041265,0.03411676,0.050524631,0.023793182,0.018079218,0.02192854
0.068112929,0.063851227,0.055794824,0.074496807,0.048485278,0.066364746,0.037992572,0.061136921,0.057171611,0.054230737,0.04383678,0.039046604,0.052224075,0.086744865,0.019627738,0.114258581,0.057000186,0.061432648,0.158690736,0.027557511,0.036264073,0.033617439,0.13774003,0.021823883,0.039455517,0.083025033,0.128063262,0.036981237,0.044350246,0.041377221,0.056405548,0.040002669,0.05556141,0.063358214,0.068231696,0.03461134,0.066036434,0.104439603,0.036404795,0.051339667,0.044094398,0.048759345,0.042314022,0.04007456,0.030004179,0.040757898,0.069755764,0.039412953,0.05656529,0.060537938,0.027492564,0.070802141,0.03818031,0.311226697,0.037881181,0.036744386,0.047334897,0.053465242,0.061832668,0.043965413,0.059984657,0.038906393,0.050959427,0.059770941,0.026046153,0.036466865,0.052886281,0.041568538,1,0.254054621,0.05546196,0.032219203,0.048232572,0.054333567,0.208041531,0.053188655,0.031010629,0.04487578
0.054777715,0.053051924,0.046248689,0.082506754,0.052935924,0.070428032,0.033962982,0.049321791,0.046796935,0.044831963,0.038509311,0.034620059,0.043702024,0.069577511,0.019109934,0.081749021,0.053647431,0.04970964,0.097805613,0.028015654,0.037789041,0.033426157,0.104886308,0.021335721,0.039603986,0.064705776,0.105744555,0.032804678,0.039536335,0.04172405,0.063372789,0.041602106,0.045895917,0.05186376,0.053808273,0.032760884,0.059104345,0.074572239,0.03673824,0.0427746,0.039246053,0.04148142,0.038140052,0.036882247,0.030035262,0.036742943,0.055231985,0.042147591,0.057430012,0.058922621,0.027126042,0.064672201,0.037336565,0.200882029,0.036298815,0.036161142,0.039900994,0.044174173,0.050266128,0.038258797,0.049366991,0.036643791,0.04383541,0.048393068,0.025421094,0.032331184,0.045372724,0.037922878,0.254054621,1,0.045731858,0.031839499,0.051106286,0.04556936,0.119243897,0.053879392,0.031480022,0.045823824
0.082278625,0.064534693,0.089301119,0.040291803,0.032165291,0.040550289,0.078311018,0.158839811,0.128712078,0.120750717,0.099160331,0.089978838,0.090290218,0.059935766,0.018944788,0.072733474,0.038373897,0.116125414,0.081199866,0.021242365,0.02461069,0.025837024,0.067758661,0.02016674,0.027932012,0.073905387,0.050227541,0.090442497,0.077304718,0.035181485,0.033910632,0.031352388,0.102170229,0.190821533,0.224516118,0.031038763,0.044873682,0.1182058,0.032158292,0.420023298,0.046672096,0.21457216,0.042775503,0.037522713,0.023501908,0.042723797,0.101187354,0.028881367,0.04105685,0.047006732,0.023065525,0.058226856,0.029200077,0.056661157,0.041294103,0.035671837,0.179265826,0.189352594,0.094703557,0.123867589,0.081285617,0.046314495,0.05890109,0.259966777,0.02308072,0.091369131,0.117500141,0.060404145,0.05546196,0.045731858,1,0.025562424,0.034059753,0.075244306,0.073709513,0.032407449,0.0232354,0.029177564
0.037043832,0.042200295,0.034597547,0.022976041,0.019982482,0.021937499,0.019361804,0.030263872,0.031157099,0.031134984,0.020623603,0.019941135,0.033624367,0.043316453,0.043453718,0.037084854,0.071893706,0.032449681,0.032445975,0.105286134,0.084942405,0.479105652,0.026501365,0.060444061,0.146929829,0.038707561,0.042736762,0.019949402,0.019987362,0.01813718,0.021347453,0.018036242,0.032919856,0.024385238,0.028707357,0.097877903,0.057589485,0.028922394,0.017115189,0.025959942,0.049851943,0.022898737,0.054902318,0.068094055,0.254899317,0.052491909,0.034196379,0.018227526,0.020579333,0.021029819,0.181601595,0.022292103,0.199250563,0.029196788,0.017554883,0.017177534,0.026891478,0.02846822,0.034640633,0.021271201,0.036697987,0.017939357,0.042615405,0.028254309,0.108381615,0.020047445,0.02203623,0.018968952,0.032219203,0.031839499,0.025562424,1,0.019623207,0.037116043,0.029602938,0.076158176,0.145349787,0.093148768
0.029962295,0.028274246,0.02803603,0.134189231,0.320235095,0.175144227,0.035489567,0.031281247,0.029676065,0.028838177,0.038552912,0.034573169,0.027366252,0.03132687,0.013957772,0.0352047,0.026278768,0.030172603,0.041018688,0.018287225,0.022206009,0.020231283,0.060513797,0.015068966,0.022376564,0.03173211,0.035150161,0.03168268,0.043962769,0.14821613,0.190694738,0.220014639,0.028500529,0.041203493,0.034556325,0.020152793,0.027878586,0.041875822,0.109775179,0.031546408,0.023371604,0.035402645,0.022735288,0.02192975,0.018970891,0.022338473,0.031186741,0.189220934,0.196281217,0.120152939,0.017721959,0.081709254,0.021575629,0.056334345,0.065214343,0.082725261,0.028834486,0.030110985,0.029430962,0.035872236,0.028471106,0.057493798,0.025557851,0.032456287,0.016990318,0.030753298,0.042970095,0.048041265,0.048232572,0.051106286,0.034059753,0.019623207,1,0.027099206,0.048993605,0.026313741,0.019645492,0.024326453
0.268201616,0.229509329,0.474421587,0.032817548,0.026543496,0.03190488,0.038435368,0.141873154,0.180067679,0.188564978,0.042820753,0.041174463,0.356034792,0.113832748,0.025289691,0.102957578,0.064044716,0.208346277,0.078059856,0.028052043,0.032343159,0.037184752,0.049076526,0.027536434,0.040105929,0.152913796,0.068617351,0.04210333,0.038601212,0.026288884,0.028409891,0.024714318,0.278628172,0.058948093,0.100712498,0.052346026,0.082101663,0.075230701,0.024317944,0.082918871,0.122884695,0.055770895,0.098959745,0.074161508,0.032639973,0.098791068,0.204054795,0.023778011,0.030731717,0.033276804,0.032610629,0.038312248,0.044680523,0.049404291,0.027777816,0.025635283,0.097284086,0.118067663,0.318645145,0.046869883,0.558174297,0.029590048,0.268458501,0.105591164,0.033093407,0.04282636,0.047143223,0.03411676,0.054333567,0.04556936,0.075244306,0.037116043,0.027099206,1,0.060035074,0.046262639,0.031436478,0.040844996
0.076729909,0.066777442,0.063810235,0.072381955,0.047561275,0.067729193,0.04638605,0.077010534,0.069338908,0.064861552,0.055417567,0.048048933,0.059804847,0.083690975,0.019097658,0.123097985,0.050213476,0.074161525,0.251913835,0.025113274,0.031680699,0.030582404,0.237894189,0.020975665,0.034957127,0.089939875,0.095006083,0.044968536,0.055607372,0.044390645,0.053881974,0.041239042,0.065033312,0.091043906,0.093381737,0.033045623,0.059303098,0.192362425,0.038781254,0.065633027,0.044568885,0.063498529,0.042123667,0.038919962,0.027458653,0.040899218,0.083472228,0.039251491,0.060863156,0.069042979,0.025690243,0.089202331,0.034717966,0.237868171,0.04313251,0.040405224,0.057934802,0.066533574,0.071856011,0.05574623,0.067269452,0.045322477,0.053427017,0.077913603,0.024728963,0.044186684,0.07061814,0.050524631,0.208041531,0.119243897,0.073709513,0.029602938,0.048993605,0.060035074,1,0.044775558,0.027989823,0.038615533
0.050262569,0.057673731,0.043481973,0.032674316,0.027047591,0.030533584,0.02357329,0.038985069,0.039428698,0.038800886,0.025631747,0.024271928,0.041292333,0.069967841,0.028197684,0.058018722,0.158421906,0.041944396,0.049526273,0.057089825,0.102294498,0.08727091,0.038598347,0.034048596,0.149407988,0.056944446,0.084024569,0.023939835,0.025102345,0.023530895,0.029618166,0.023519828,0.041294912,0.031886367,0.037869824,0.06295383,0.105971464,0.040919744,0.021851231,0.032284503,0.054465029,0.028597262,0.057067895,0.063495674,0.067865773,0.053272382,0.046046353,0.023936423,0.027826753,0.028413641,0.053657474,0.030382371,0.109354536,0.04554713,0.022133838,0.021773416,0.032621663,0.035490952,0.045067845,0.026281462,0.047514624,0.022558781,0.051701321,0.036216469,0.045839913,0.023940292,0.028193344,0.023793182,0.053188655,0.053879392,0.032407449,0.076158176,0.026313741,0.046262639,0.044775558,1,0.074335452,0.279732607
0.032047,0.035607336,0.029744664,0.02292762,0.020166152,0.0218082,0.018127411,0.026834771,0.027345926,0.027217504,0.019286732,0.018584306,0.0288918,0.037834805,0.036249671,0.033386013,0.058881715,0.028434731,0.029996779,0.243333706,0.143994219,0.179859625,0.025408259,0.048155669,0.137298966,0.033887146,0.039647595,0.018487544,0.018882763,0.017944655,0.021565749,0.018036004,0.02854434,0.022613351,0.025892895,0.059162327,0.048183698,0.026708492,0.016959047,0.023388303,0.038820147,0.021089976,0.041524188,0.048160273,0.254189269,0.039905219,0.030000114,0.018413667,0.020334631,0.020585804,0.103772538,0.02156811,0.103375633,0.028259094,0.017055519,0.016860333,0.023911872,0.025274718,0.030036687,0.019744692,0.031434021,0.017312811,0.034949932,0.025326538,0.068880295,0.018531696,0.02063355,0.018079218,0.031010629,0.031480022,0.0232354,0.145349787,0.019645492,0.031436478,0.027989823,0.074335452,1,0.100187206
0.043377368,0.049237699,0.038466185,0.029619324,0.025040745,0.027806801,0.021762648,0.034574963,0.035049125,0.034621873,0.023499214,0.022367447,0.036811269,0.05673024,0.029735414,0.048241322,0.112704866,0.036993064,0.042089367,0.071408071,0.154612396,0.113371893,0.033977267,0.036675694,0.25444185,0.047912698,0.064615716,0.022109413,0.023037382,0.021838991,0.027235791,0.021910557,0.036660886,0.02865245,0.033535776,0.063417049,0.080486727,0.035724106,0.020391518,0.02915088,0.049175169,0.026012607,0.052056165,0.059282979,0.085725513,0.048977148,0.040049546,0.022368009,0.025488191,0.02590882,0.061961918,0.027467337,0.127411583,0.039351971,0.020542508,0.020271251,0.029551762,0.03184264,0.039509451,0.02406547,0.041551478,0.020890297,0.045645103,0.032308225,0.050409789,0.022121542,0.02562252,0.02192854,0.04487578,0.045823824,0.029177564,0.093148768,0.024326453,0.040844996,0.038615533,0.279732607,0.100187206,1
